generation_id,field_name,value_1,source_1,value_2,source_2,selected_value,reason
BMW_3_E30,horsepower_hp,195 hp,BMW AG Standard Market Datasheet (Catalytic Converter),200 hp,BMW Group Classic Historical Archive (Non-Catalyst Spec),200,Documented non-catalytic standard homologation baseline for initial E30 M3 launch before mandatory catalytic converter standard.
BMW_3_E36,horsepower_hp,240 hp,BMW North America Specification (S52B32 US Spec),321 hp,BMW AG European Technical Documentation (S50B32 Euro Spec),321,European market S50B32 represents the unrestricted global engineering benchmark with dual-VANOS.
BMW_3_E46,horsepower_hp,333 hp,BMW NA EPA Certification Sheet (SAE Net),343 hp,BMW AG ECE Homologation Certificate (DIN PS),343,Selected DIN PS European standard measurement according to BMW AG factory specifications.
BMW_5_E28,horsepower_hp,256 hp,BMW NA Catalog (S38B35 with Catalyst),286 hp,BMW Group Classic Archive (M88/3 Non-Cat European Standard),286,The original European E28 M5 featured the uninhibited M88/3 dry-sump derivative rated at 286 DIN hp.
BMW_507,horsepower_hp,145 hp,Early 1955 Pre-Production Press Announcement,150 hp,BMW Group Classic Historic Archive (Series I & II Production Spec),150,Standard production dual-carburetor aluminum 3.2L V8 produced 150 DIN PS at 5000 rpm.
BMW_I3_I01,electric_range_km,190 km,BMW i3 (60 Ah) Initial 2013 Launch Datasheet,307 km,BMW Group WLTP Homologation Certificate (120 Ah Final Iteration),307,Selected final 120 Ah evolution representing the definitive peak capability of the I01 generation.
BMW_I4_G26,electric_range_km,435 km,US EPA Test Procedure (20-inch Wheels),520 km,BMW AG WLTP Official Certificate (Standard Aerodynamic Wheels),520,Selected official global WLTP test cycle metric standard.
BMW_328,weight_kg,780 kg,Mille Miglia Competition Chassis Technical Note,830 kg,BMW Group Classic Production Catalog (Standard Road Car),830,Preserved production road car kerb weight rather than lightweight racing-spec stripped chassis.
BMW_X5_E53,weight_kg,2095 kg,DIN Kerb Weight Specification (Unladen without Driver),2170 kg,"EU Standard Weight (90% fuel, 68kg driver, 7kg luggage)",2120,Standard DIN kerb weight recorded for 4.4i variant across official service documentation.
